Ball_Type,Ball_Name,Ball_Size,Size_Label,Condition,Mass_kg,Velocity_m_s,Energy_J,Peak_Pressure_kPa,PPSI90_Duration_ms
A1,Thermally Bonded,3,Size 3 (U10),Dry,0.3405,10,17.02,1.343,0.0586
A1,Thermally Bonded,3,Size 3 (U10),Dry,0.3405,14,33.37,2.633,0.1148
A1,Thermally Bonded,3,Size 3 (U10),Dry,0.3405,18,55.16,4.352,0.1897
A1,Thermally Bonded,3,Size 3 (U10),Dry,0.3405,23,90.05,7.105,0.3098
A1,Thermally Bonded,3,Size 3 (U10),Dry,0.3405,28,133.46,10.53,0.4591
A1,Thermally Bonded,3,Size 3 (U10),Dry,0.3405,35,208.54,16.454,0.7174
A1,Thermally Bonded,3,Size 3 (U10),Damp,0.3507,10,17.53,1.383,0.0603
A1,Thermally Bonded,3,Size 3 (U10),Damp,0.3507,14,34.37,2.712,0.1182
A1,Thermally Bonded,3,Size 3 (U10),Damp,0.3507,18,56.81,4.482,0.1954
A1,Thermally Bonded,3,Size 3 (U10),Damp,0.3507,23,92.76,7.318,0.3191
A1,Thermally Bonded,3,Size 3 (U10),Damp,0.3507,28,137.47,10.846,0.4729
A1,Thermally Bonded,3,Size 3 (U10),Damp,0.3507,35,214.79,16.947,0.7389
A1,Thermally Bonded,3,Size 3 (U10),Wet,0.3609,10,18.04,1.424,0.0621
A1,Thermally Bonded,3,Size 3 (U10),Wet,0.3609,14,35.37,2.791,0.1217
A1,Thermally Bonded,3,Size 3 (U10),Wet,0.3609,18,58.47,4.613,0.2011
A1,Thermally Bonded,3,Size 3 (U10),Wet,0.3609,23,95.46,7.532,0.3284
A1,Thermally Bonded,3,Size 3 (U10),Wet,0.3609,28,141.47,11.162,0.4867
A1,Thermally Bonded,3,Size 3 (U10),Wet,0.3609,35,221.05,17.441,0.7604
A1,Thermally Bonded,4,Size 4 (U14),Dry,0.3929,10,19.64,1.55,0.0676
A1,Thermally Bonded,4,Size 4 (U14),Dry,0.3929,14,38.5,3.038,0.1324
A1,Thermally Bonded,4,Size 4 (U14),Dry,0.3929,18,63.64,5.021,0.2189
A1,Thermally Bonded,4,Size 4 (U14),Dry,0.3929,23,103.91,8.198,0.3574
A1,Thermally Bonded,4,Size 4 (U14),Dry,0.3929,28,154.0,12.15,0.5298
A1,Thermally Bonded,4,Size 4 (U14),Dry,0.3929,35,240.62,18.985,0.8277
A1,Thermally Bonded,4,Size 4 (U14),Damp,0.4046,10,20.23,1.596,0.0696
A1,Thermally Bonded,4,Size 4 (U14),Damp,0.4046,14,39.65,3.129,0.1364
A1,Thermally Bonded,4,Size 4 (U14),Damp,0.4046,18,65.55,5.172,0.2255
A1,Thermally Bonded,4,Size 4 (U14),Damp,0.4046,23,107.03,8.444,0.3682
A1,Thermally Bonded,4,Size 4 (U14),Damp,0.4046,28,158.62,12.515,0.5456
A1,Thermally Bonded,4,Size 4 (U14),Damp,0.4046,35,247.84,19.555,0.8526
A1,Thermally Bonded,4,Size 4 (U14),Wet,0.4164,10,20.82,1.643,0.0716
A1,Thermally Bonded,4,Size 4 (U14),Wet,0.4164,14,40.81,3.22,0.1404
A1,Thermally Bonded,4,Size 4 (U14),Wet,0.4164,18,67.46,5.323,0.2321
A1,Thermally Bonded,4,Size 4 (U14),Wet,0.4164,23,110.14,8.69,0.3789
A1,Thermally Bonded,4,Size 4 (U14),Wet,0.4164,28,163.24,12.879,0.5615
A1,Thermally Bonded,4,Size 4 (U14),Wet,0.4164,35,255.06,20.124,0.8774
A1,Thermally Bonded,5,Size 5 (Elite),Dry,0.4365,10,21.82,1.722,0.0751
A1,Thermally Bonded,5,Size 5 (Elite),Dry,0.4365,14,42.78,3.375,0.1472
A1,Thermally Bonded,5,Size 5 (Elite),Dry,0.4365,18,70.71,5.579,0.2433
A1,Thermally Bonded,5,Size 5 (Elite),Dry,0.4365,23,115.45,9.109,0.3972
A1,Thermally Bonded,5,Size 5 (Elite),Dry,0.4365,28,171.11,13.5,0.5886
A1,Thermally Bonded,5,Size 5 (Elite),Dry,0.4365,35,267.36,21.094,0.9197
A1,Thermally Bonded,5,Size 5 (Elite),Damp,0.4496,10,22.48,1.774,0.0773
A1,Thermally Bonded,5,Size 5 (Elite),Damp,0.4496,14,44.06,3.476,0.1516
A1,Thermally Bonded,5,Size 5 (Elite),Damp,0.4496,18,72.83,5.747,0.2506
A1,Thermally Bonded,5,Size 5 (Elite),Damp,0.4496,23,118.92,9.383,0.4091
A1,Thermally Bonded,5,Size 5 (Elite),Damp,0.4496,28,176.24,13.905,0.6063
A1,Thermally Bonded,5,Size 5 (Elite),Damp,0.4496,35,275.38,21.727,0.9473
A1,Thermally Bonded,5,Size 5 (Elite),Wet,0.4627,10,23.13,1.825,0.0796
A1,Thermally Bonded,5,Size 5 (Elite),Wet,0.4627,14,45.34,3.578,0.156
A1,Thermally Bonded,5,Size 5 (Elite),Wet,0.4627,18,74.96,5.914,0.2578
A1,Thermally Bonded,5,Size 5 (Elite),Wet,0.4627,23,122.38,9.656,0.421
A1,Thermally Bonded,5,Size 5 (Elite),Wet,0.4627,28,181.37,14.31,0.6239
A1,Thermally Bonded,5,Size 5 (Elite),Wet,0.4627,35,283.4,22.36,0.9749
B1,Fuse Welded,3,Size 3 (U10),Dry,0.3408,10,17.04,1.288,0.0569
B1,Fuse Welded,3,Size 3 (U10),Dry,0.3408,14,33.4,2.525,0.1115
B1,Fuse Welded,3,Size 3 (U10),Dry,0.3408,18,55.21,4.174,0.1844
B1,Fuse Welded,3,Size 3 (U10),Dry,0.3408,23,90.14,6.814,0.3011
B1,Fuse Welded,3,Size 3 (U10),Dry,0.3408,28,133.59,10.099,0.4462
B1,Fuse Welded,3,Size 3 (U10),Dry,0.3408,35,208.73,15.78,0.6972
B1,Fuse Welded,3,Size 3 (U10),Damp,0.351,10,17.55,1.327,0.0586
B1,Fuse Welded,3,Size 3 (U10),Damp,0.351,14,34.4,2.601,0.1149
B1,Fuse Welded,3,Size 3 (U10),Damp,0.351,18,56.86,4.299,0.1899
B1,Fuse Welded,3,Size 3 (U10),Damp,0.351,23,92.84,7.019,0.3101
B1,Fuse Welded,3,Size 3 (U10),Damp,0.351,28,137.59,10.402,0.4596
B1,Fuse Welded,3,Size 3 (U10),Damp,0.351,35,214.99,16.253,0.7181
B1,Fuse Welded,3,Size 3 (U10),Wet,0.3612,10,18.06,1.365,0.0603
B1,Fuse Welded,3,Size 3 (U10),Wet,0.3612,14,35.4,2.676,0.1182
B1,Fuse Welded,3,Size 3 (U10),Wet,0.3612,18,58.52,4.424,0.1955
B1,Fuse Welded,3,Size 3 (U10),Wet,0.3612,23,95.55,7.223,0.3191
B1,Fuse Welded,3,Size 3 (U10),Wet,0.3612,28,141.6,10.705,0.4729
B1,Fuse Welded,3,Size 3 (U10),Wet,0.3612,35,221.25,16.727,0.739
B1,Fuse Welded,4,Size 4 (U14),Dry,0.3932,10,19.66,1.486,0.0657
B1,Fuse Welded,4,Size 4 (U14),Dry,0.3932,14,38.53,2.913,0.1287
B1,Fuse Welded,4,Size 4 (U14),Dry,0.3932,18,63.7,4.816,0.2128
B1,Fuse Welded,4,Size 4 (U14),Dry,0.3932,23,104.0,7.863,0.3474
B1,Fuse Welded,4,Size 4 (U14),Dry,0.3932,28,154.14,11.653,0.5148
B1,Fuse Welded,4,Size 4 (U14),Dry,0.3932,35,240.84,18.208,0.8044
B1,Fuse Welded,4,Size 4 (U14),Damp,0.405,10,20.25,1.531,0.0676
B1,Fuse Welded,4,Size 4 (U14),Damp,0.405,14,39.69,3.001,0.1326
B1,Fuse Welded,4,Size 4 (U14),Damp,0.405,18,65.61,4.96,0.2191
B1,Fuse Welded,4,Size 4 (U14),Damp,0.405,23,107.12,8.099,0.3578
B1,Fuse Welded,4,Size 4 (U14),Damp,0.405,28,158.76,12.002,0.5303
B1,Fuse Welded,4,Size 4 (U14),Damp,0.405,35,248.07,18.754,0.8285
B1,Fuse Welded,4,Size 4 (U14),Wet,0.4168,10,20.84,1.576,0.0696
B1,Fuse Welded,4,Size 4 (U14),Wet,0.4168,14,40.85,3.088,0.1364
B1,Fuse Welded,4,Size 4 (U14),Wet,0.4168,18,67.52,5.105,0.2255
B1,Fuse Welded,4,Size 4 (U14),Wet,0.4168,23,110.24,8.334,0.3682
B1,Fuse Welded,4,Size 4 (U14),Wet,0.4168,28,163.39,12.352,0.5457
B1,Fuse Welded,4,Size 4 (U14),Wet,0.4168,35,255.29,19.3,0.8527
B1,Fuse Welded,5,Size 5 (Elite),Dry,0.4369,10,21.84,1.651,0.073
B1,Fuse Welded,5,Size 5 (Elite),Dry,0.4369,14,42.82,3.237,0.143
B1,Fuse Welded,5,Size 5 (Elite),Dry,0.4369,18,70.78,5.351,0.2364
B1,Fuse Welded,5,Size 5 (Elite),Dry,0.4369,23,115.56,8.736,0.386
B1,Fuse Welded,5,Size 5 (Elite),Dry,0.4369,28,171.26,12.948,0.572
B1,Fuse Welded,5,Size 5 (Elite),Dry,0.4369,35,267.6,20.231,0.8938
B1,Fuse Welded,5,Size 5 (Elite),Damp,0.45,10,22.5,1.701,0.0752
B1,Fuse Welded,5,Size 5 (Elite),Damp,0.45,14,44.1,3.334,0.1473
B1,Fuse Welded,5,Size 5 (Elite),Damp,0.45,18,72.9,5.511,0.2435
B1,Fuse Welded,5,Size 5 (Elite),Damp,0.45,23,119.03,8.998,0.3975
B1,Fuse Welded,5,Size 5 (Elite),Damp,0.45,28,176.4,13.336,0.5892
B1,Fuse Welded,5,Size 5 (Elite),Damp,0.45,35,275.63,20.838,0.9206
B1,Fuse Welded,5,Size 5 (Elite),Wet,0.4631,10,23.16,1.751,0.0773
B1,Fuse Welded,5,Size 5 (Elite),Wet,0.4631,14,45.39,3.431,0.1516
B1,Fuse Welded,5,Size 5 (Elite),Wet,0.4631,18,75.02,5.672,0.2506
B1,Fuse Welded,5,Size 5 (Elite),Wet,0.4631,23,122.49,9.261,0.4091
B1,Fuse Welded,5,Size 5 (Elite),Wet,0.4631,28,181.54,13.724,0.6063
B1,Fuse Welded,5,Size 5 (Elite),Wet,0.4631,35,283.66,21.444,0.9474
C1,Machine Stitched,3,Size 3 (U10),Dry,0.3333,10,16.66,1.363,0.0598
C1,Machine Stitched,3,Size 3 (U10),Dry,0.3333,14,32.66,2.672,0.1173
C1,Machine Stitched,3,Size 3 (U10),Dry,0.3333,18,53.99,4.417,0.1938
C1,Machine Stitched,3,Size 3 (U10),Dry,0.3333,23,88.16,7.211,0.3165
C1,Machine Stitched,3,Size 3 (U10),Dry,0.3333,28,130.65,10.687,0.469
C1,Machine Stitched,3,Size 3 (U10),Dry,0.3333,35,204.14,16.699,0.7329
C1,Machine Stitched,3,Size 3 (U10),Damp,0.3433,10,17.16,1.404,0.0616
C1,Machine Stitched,3,Size 3 (U10),Damp,0.3433,14,33.64,2.752,0.1208
C1,Machine Stitched,3,Size 3 (U10),Damp,0.3433,18,55.61,4.549,0.1997
C1,Machine Stitched,3,Size 3 (U10),Damp,0.3433,23,90.8,7.428,0.326
C1,Machine Stitched,3,Size 3 (U10),Damp,0.3433,28,134.57,11.008,0.4831
C1,Machine Stitched,3,Size 3 (U10),Damp,0.3433,35,210.27,17.2,0.7549
C1,Machine Stitched,3,Size 3 (U10),Wet,0.3533,10,17.66,1.445,0.0634
C1,Machine Stitched,3,Size 3 (U10),Wet,0.3533,14,34.62,2.832,0.1243
C1,Machine Stitched,3,Size 3 (U10),Wet,0.3533,18,57.23,4.682,0.2055
C1,Machine Stitched,3,Size 3 (U10),Wet,0.3533,23,93.45,7.644,0.3355
C1,Machine Stitched,3,Size 3 (U10),Wet,0.3533,28,138.49,11.329,0.4972
C1,Machine Stitched,3,Size 3 (U10),Wet,0.3533,35,216.39,17.701,0.7768
C1,Machine Stitched,4,Size 4 (U14),Dry,0.3846,10,19.23,1.573,0.069
C1,Machine Stitched,4,Size 4 (U14),Dry,0.3846,14,37.69,3.083,0.1353
C1,Machine Stitched,4,Size 4 (U14),Dry,0.3846,18,62.3,5.096,0.2237
C1,Machine Stitched,4,Size 4 (U14),Dry,0.3846,23,101.72,8.321,0.3652
C1,Machine Stitched,4,Size 4 (U14),Dry,0.3846,28,150.75,12.331,0.5412
C1,Machine Stitched,4,Size 4 (U14),Dry,0.3846,35,235.55,19.268,0.8456
C1,Machine Stitched,4,Size 4 (U14),Damp,0.3961,10,19.81,1.62,0.0711
C1,Machine Stitched,4,Size 4 (U14),Damp,0.3961,14,38.82,3.175,0.1394
C1,Machine Stitched,4,Size 4 (U14),Damp,0.3961,18,64.17,5.249,0.2304
C1,Machine Stitched,4,Size 4 (U14),Damp,0.3961,23,104.77,8.57,0.3761
C1,Machine Stitched,4,Size 4 (U14),Damp,0.3961,28,155.27,12.701,0.5574
C1,Machine Stitched,4,Size 4 (U14),Damp,0.3961,35,242.62,19.846,0.871
C1,Machine Stitched,4,Size 4 (U14),Wet,0.4076,10,20.38,1.667,0.0732
C1,Machine Stitched,4,Size 4 (U14),Wet,0.4076,14,39.95,3.268,0.1434
C1,Machine Stitched,4,Size 4 (U14),Wet,0.4076,18,66.04,5.402,0.2371
C1,Machine Stitched,4,Size 4 (U14),Wet,0.4076,23,107.82,8.82,0.3871
C1,Machine Stitched,4,Size 4 (U14),Wet,0.4076,28,159.8,13.071,0.5737
C1,Machine Stitched,4,Size 4 (U14),Wet,0.4076,35,249.68,20.424,0.8964
C1,Machine Stitched,5,Size 5 (Elite),Dry,0.4273,10,21.36,1.748,0.0767
C1,Machine Stitched,5,Size 5 (Elite),Dry,0.4273,14,41.88,3.425,0.1503
C1,Machine Stitched,5,Size 5 (Elite),Dry,0.4273,18,69.22,5.662,0.2485
C1,Machine Stitched,5,Size 5 (Elite),Dry,0.4273,23,113.02,9.245,0.4057
C1,Machine Stitched,5,Size 5 (Elite),Dry,0.4273,28,167.5,13.702,0.6013
C1,Machine Stitched,5,Size 5 (Elite),Dry,0.4273,35,261.72,21.409,0.9396
C1,Machine Stitched,5,Size 5 (Elite),Damp,0.4401,10,22.01,1.8,0.079
C1,Machine Stitched,5,Size 5 (Elite),Damp,0.4401,14,43.13,3.528,0.1548
C1,Machine Stitched,5,Size 5 (Elite),Damp,0.4401,18,71.3,5.832,0.256
C1,Machine Stitched,5,Size 5 (Elite),Damp,0.4401,23,116.41,9.522,0.4179
C1,Machine Stitched,5,Size 5 (Elite),Damp,0.4401,28,172.53,14.113,0.6194
C1,Machine Stitched,5,Size 5 (Elite),Damp,0.4401,35,269.57,22.051,0.9678
C1,Machine Stitched,5,Size 5 (Elite),Wet,0.4529,10,22.65,1.853,0.0813
C1,Machine Stitched,5,Size 5 (Elite),Wet,0.4529,14,44.39,3.631,0.1594
C1,Machine Stitched,5,Size 5 (Elite),Wet,0.4529,18,73.38,6.002,0.2634
C1,Machine Stitched,5,Size 5 (Elite),Wet,0.4529,23,119.8,9.8,0.4301
C1,Machine Stitched,5,Size 5 (Elite),Wet,0.4529,28,177.55,14.524,0.6374
C1,Machine Stitched,5,Size 5 (Elite),Wet,0.4529,35,277.42,22.693,0.996
D1,Hand Stitched,3,Size 3 (U10),Dry,0.331,10,16.55,1.195,0.0536
D1,Hand Stitched,3,Size 3 (U10),Dry,0.331,14,32.43,2.342,0.1051
D1,Hand Stitched,3,Size 3 (U10),Dry,0.331,18,53.61,3.871,0.1737
D1,Hand Stitched,3,Size 3 (U10),Dry,0.331,23,87.54,6.32,0.2836
D1,Hand Stitched,3,Size 3 (U10),Dry,0.331,28,129.73,9.367,0.4203
D1,Hand Stitched,3,Size 3 (U10),Dry,0.331,35,202.71,14.636,0.6568
D1,Hand Stitched,3,Size 3 (U10),Damp,0.3409,10,17.04,1.231,0.0552
D1,Hand Stitched,3,Size 3 (U10),Damp,0.3409,14,33.41,2.412,0.1082
D1,Hand Stitched,3,Size 3 (U10),Damp,0.3409,18,55.22,3.987,0.1789
D1,Hand Stitched,3,Size 3 (U10),Damp,0.3409,23,90.16,6.51,0.2921
D1,Hand Stitched,3,Size 3 (U10),Damp,0.3409,28,133.63,9.648,0.4329
D1,Hand Stitched,3,Size 3 (U10),Damp,0.3409,35,208.79,15.075,0.6765
D1,Hand Stitched,3,Size 3 (U10),Wet,0.3508,10,17.54,1.266,0.0568
D1,Hand Stitched,3,Size 3 (U10),Wet,0.3508,14,34.38,2.482,0.1114
D1,Hand Stitched,3,Size 3 (U10),Wet,0.3508,18,56.83,4.103,0.1841
D1,Hand Stitched,3,Size 3 (U10),Wet,0.3508,23,92.79,6.699,0.3006
D1,Hand Stitched,3,Size 3 (U10),Wet,0.3508,28,137.52,9.929,0.4456
D1,Hand Stitched,3,Size 3 (U10),Wet,0.3508,35,214.87,15.514,0.6962
D1,Hand Stitched,4,Size 4 (U14),Dry,0.3819,10,19.09,1.379,0.0619
D1,Hand Stitched,4,Size 4 (U14),Dry,0.3819,14,37.42,2.702,0.1213
D1,Hand Stitched,4,Size 4 (U14),Dry,0.3819,18,61.86,4.467,0.2004
D1,Hand Stitched,4,Size 4 (U14),Dry,0.3819,23,101.0,7.293,0.3273
D1,Hand Stitched,4,Size 4 (U14),Dry,0.3819,28,149.69,10.808,0.485
D1,Hand Stitched,4,Size 4 (U14),Dry,0.3819,35,233.9,16.887,0.7578
D1,Hand Stitched,4,Size 4 (U14),Damp,0.3933,10,19.67,1.42,0.0637
D1,Hand Stitched,4,Size 4 (U14),Damp,0.3933,14,38.55,2.783,0.1249
D1,Hand Stitched,4,Size 4 (U14),Damp,0.3933,18,63.72,4.6,0.2064
D1,Hand Stitched,4,Size 4 (U14),Damp,0.3933,23,104.03,7.511,0.3371
D1,Hand Stitched,4,Size 4 (U14),Damp,0.3933,28,154.18,11.132,0.4996
D1,Hand Stitched,4,Size 4 (U14),Damp,0.3933,35,240.91,17.394,0.7806
D1,Hand Stitched,4,Size 4 (U14),Wet,0.4048,10,20.24,1.461,0.0656
D1,Hand Stitched,4,Size 4 (U14),Wet,0.4048,14,39.67,2.864,0.1285
D1,Hand Stitched,4,Size 4 (U14),Wet,0.4048,18,65.57,4.734,0.2125
D1,Hand Stitched,4,Size 4 (U14),Wet,0.4048,23,107.06,7.73,0.3469
D1,Hand Stitched,4,Size 4 (U14),Wet,0.4048,28,158.67,11.456,0.5141
D1,Hand Stitched,4,Size 4 (U14),Wet,0.4048,35,247.93,17.9,0.8033
D1,Hand Stitched,5,Size 5 (Elite),Dry,0.4243,10,21.22,1.532,0.0687
D1,Hand Stitched,5,Size 5 (Elite),Dry,0.4243,14,41.58,3.002,0.1347
D1,Hand Stitched,5,Size 5 (Elite),Dry,0.4243,18,68.74,4.963,0.2227
D1,Hand Stitched,5,Size 5 (Elite),Dry,0.4243,23,112.23,8.103,0.3636
D1,Hand Stitched,5,Size 5 (Elite),Dry,0.4243,28,166.33,12.009,0.5389
D1,Hand Stitched,5,Size 5 (Elite),Dry,0.4243,35,259.88,18.764,0.842
D1,Hand Stitched,5,Size 5 (Elite),Damp,0.437,10,21.85,1.578,0.0708
D1,Hand Stitched,5,Size 5 (Elite),Damp,0.437,14,42.83,3.092,0.1388
D1,Hand Stitched,5,Size 5 (Elite),Damp,0.437,18,70.8,5.112,0.2294
D1,Hand Stitched,5,Size 5 (Elite),Damp,0.437,23,115.59,8.346,0.3745
D1,Hand Stitched,5,Size 5 (Elite),Damp,0.437,28,171.32,12.369,0.5551
D1,Hand Stitched,5,Size 5 (Elite),Damp,0.437,35,267.68,19.327,0.8673
D1,Hand Stitched,5,Size 5 (Elite),Wet,0.4498,10,22.49,1.624,0.0729
D1,Hand Stitched,5,Size 5 (Elite),Wet,0.4498,14,44.08,3.182,0.1428
D1,Hand Stitched,5,Size 5 (Elite),Wet,0.4498,18,72.86,5.261,0.2361
D1,Hand Stitched,5,Size 5 (Elite),Wet,0.4498,23,118.96,8.589,0.3854
D1,Hand Stitched,5,Size 5 (Elite),Wet,0.4498,28,176.31,12.729,0.5712
D1,Hand Stitched,5,Size 5 (Elite),Wet,0.4498,35,275.48,19.889,0.8925
E1,Synthetic Moulded,3,Size 3 (U10),Dry,0.3409,10,17.04,1.321,0.0574
E1,Synthetic Moulded,3,Size 3 (U10),Dry,0.3409,14,33.4,2.589,0.1126
E1,Synthetic Moulded,3,Size 3 (U10),Dry,0.3409,18,55.22,4.279,0.1861
E1,Synthetic Moulded,3,Size 3 (U10),Dry,0.3409,23,90.16,6.987,0.3038
E1,Synthetic Moulded,3,Size 3 (U10),Dry,0.3409,28,133.62,10.355,0.4503
E1,Synthetic Moulded,3,Size 3 (U10),Dry,0.3409,35,208.78,16.18,0.7036
E1,Synthetic Moulded,3,Size 3 (U10),Damp,0.3511,10,17.55,1.36,0.0592
E1,Synthetic Moulded,3,Size 3 (U10),Damp,0.3511,14,34.41,2.666,0.1159
E1,Synthetic Moulded,3,Size 3 (U10),Damp,0.3511,18,56.88,4.408,0.1917
E1,Synthetic Moulded,3,Size 3 (U10),Damp,0.3511,23,92.86,7.197,0.3129
E1,Synthetic Moulded,3,Size 3 (U10),Damp,0.3511,28,137.63,10.666,0.4638
E1,Synthetic Moulded,3,Size 3 (U10),Damp,0.3511,35,215.04,16.666,0.7247
E1,Synthetic Moulded,3,Size 3 (U10),Wet,0.3613,10,18.07,1.4,0.0609
E1,Synthetic Moulded,3,Size 3 (U10),Wet,0.3613,14,35.41,2.744,0.1193
E1,Synthetic Moulded,3,Size 3 (U10),Wet,0.3613,18,58.53,4.536,0.1973
E1,Synthetic Moulded,3,Size 3 (U10),Wet,0.3613,23,95.57,7.406,0.3221
E1,Synthetic Moulded,3,Size 3 (U10),Wet,0.3613,28,141.63,10.977,0.4773
E1,Synthetic Moulded,3,Size 3 (U10),Wet,0.3613,35,221.3,17.151,0.7458
E1,Synthetic Moulded,4,Size 4 (U14),Dry,0.3933,10,19.66,1.524,0.0663
E1,Synthetic Moulded,4,Size 4 (U14),Dry,0.3933,14,38.54,2.987,0.1299
E1,Synthetic Moulded,4,Size 4 (U14),Dry,0.3933,18,63.71,4.938,0.2147
E1,Synthetic Moulded,4,Size 4 (U14),Dry,0.3933,23,104.03,8.062,0.3506
E1,Synthetic Moulded,4,Size 4 (U14),Dry,0.3933,28,154.17,11.948,0.5196
E1,Synthetic Moulded,4,Size 4 (U14),Dry,0.3933,35,240.9,18.669,0.8118
E1,Synthetic Moulded,4,Size 4 (U14),Damp,0.4051,10,20.25,1.57,0.0683
E1,Synthetic Moulded,4,Size 4 (U14),Damp,0.4051,14,39.7,3.077,0.1338
E1,Synthetic Moulded,4,Size 4 (U14),Damp,0.4051,18,65.63,5.086,0.2212
E1,Synthetic Moulded,4,Size 4 (U14),Damp,0.4051,23,107.15,8.304,0.3611
E1,Synthetic Moulded,4,Size 4 (U14),Damp,0.4051,28,158.8,12.307,0.5352
E1,Synthetic Moulded,4,Size 4 (U14),Damp,0.4051,35,248.12,19.23,0.8362
E1,Synthetic Moulded,4,Size 4 (U14),Wet,0.4169,10,20.84,1.615,0.0702
E1,Synthetic Moulded,4,Size 4 (U14),Wet,0.4169,14,40.86,3.166,0.1377
E1,Synthetic Moulded,4,Size 4 (U14),Wet,0.4169,18,67.54,5.234,0.2276
E1,Synthetic Moulded,4,Size 4 (U14),Wet,0.4169,23,110.27,8.546,0.3716
E1,Synthetic Moulded,4,Size 4 (U14),Wet,0.4169,28,163.42,12.665,0.5507
E1,Synthetic Moulded,4,Size 4 (U14),Wet,0.4169,35,255.35,19.79,0.8605
E1,Synthetic Moulded,5,Size 5 (Elite),Dry,0.437,10,21.85,1.693,0.0736
E1,Synthetic Moulded,5,Size 5 (Elite),Dry,0.437,14,42.83,3.319,0.1443
E1,Synthetic Moulded,5,Size 5 (Elite),Dry,0.437,18,70.79,5.487,0.2386
E1,Synthetic Moulded,5,Size 5 (Elite),Dry,0.437,23,115.59,8.958,0.3895
E1,Synthetic Moulded,5,Size 5 (Elite),Dry,0.437,28,171.3,13.276,0.5773
E1,Synthetic Moulded,5,Size 5 (Elite),Dry,0.437,35,267.66,20.744,0.902
E1,Synthetic Moulded,5,Size 5 (Elite),Damp,0.4501,10,22.51,1.744,0.0758
E1,Synthetic Moulded,5,Size 5 (Elite),Damp,0.4501,14,44.11,3.419,0.1487
E1,Synthetic Moulded,5,Size 5 (Elite),Damp,0.4501,18,72.92,5.651,0.2457
E1,Synthetic Moulded,5,Size 5 (Elite),Damp,0.4501,23,119.05,9.227,0.4012
E1,Synthetic Moulded,5,Size 5 (Elite),Damp,0.4501,28,176.44,13.674,0.5946
E1,Synthetic Moulded,5,Size 5 (Elite),Damp,0.4501,35,275.69,21.366,0.9291
E1,Synthetic Moulded,5,Size 5 (Elite),Wet,0.4632,10,23.16,1.795,0.0781
E1,Synthetic Moulded,5,Size 5 (Elite),Wet,0.4632,14,45.4,3.518,0.153
E1,Synthetic Moulded,5,Size 5 (Elite),Wet,0.4632,18,75.04,5.816,0.2529
E1,Synthetic Moulded,5,Size 5 (Elite),Wet,0.4632,23,122.52,9.495,0.4129
E1,Synthetic Moulded,5,Size 5 (Elite),Wet,0.4632,28,181.58,14.073,0.6119
E1,Synthetic Moulded,5,Size 5 (Elite),Wet,0.4632,35,283.72,21.988,0.9561
F1,Laceless Leather,3,Size 3 (U10),Dry,0.3426,10,17.13,1.134,0.0529
F1,Laceless Leather,3,Size 3 (U10),Dry,0.3426,14,33.57,2.222,0.1037
F1,Laceless Leather,3,Size 3 (U10),Dry,0.3426,18,55.5,3.674,0.1715
F1,Laceless Leather,3,Size 3 (U10),Dry,0.3426,23,90.61,5.998,0.28
F1,Laceless Leather,3,Size 3 (U10),Dry,0.3426,28,134.29,8.89,0.415
F1,Laceless Leather,3,Size 3 (U10),Dry,0.3426,35,209.83,13.891,0.6484
F1,Laceless Leather,3,Size 3 (U10),Damp,0.3529,10,17.64,1.168,0.0545
F1,Laceless Leather,3,Size 3 (U10),Damp,0.3529,14,34.58,2.289,0.1069
F1,Laceless Leather,3,Size 3 (U10),Damp,0.3529,18,57.16,3.784,0.1766
F1,Laceless Leather,3,Size 3 (U10),Damp,0.3529,23,93.33,6.178,0.2884
F1,Laceless Leather,3,Size 3 (U10),Damp,0.3529,28,138.32,9.157,0.4274
F1,Laceless Leather,3,Size 3 (U10),Damp,0.3529,35,216.12,14.307,0.6678
F1,Laceless Leather,3,Size 3 (U10),Wet,0.3631,10,18.16,1.202,0.0561
F1,Laceless Leather,3,Size 3 (U10),Wet,0.3631,14,35.59,2.356,0.11
F1,Laceless Leather,3,Size 3 (U10),Wet,0.3631,18,58.83,3.894,0.1818
F1,Laceless Leather,3,Size 3 (U10),Wet,0.3631,23,96.05,6.358,0.2968
F1,Laceless Leather,3,Size 3 (U10),Wet,0.3631,28,142.35,9.423,0.4399
F1,Laceless Leather,3,Size 3 (U10),Wet,0.3631,35,222.42,14.724,0.6873
F1,Laceless Leather,4,Size 4 (U14),Dry,0.3953,10,19.76,1.308,0.0611
F1,Laceless Leather,4,Size 4 (U14),Dry,0.3953,14,38.74,2.564,0.1197
F1,Laceless Leather,4,Size 4 (U14),Dry,0.3953,18,64.04,4.239,0.1979
F1,Laceless Leather,4,Size 4 (U14),Dry,0.3953,23,104.55,6.921,0.3231
F1,Laceless Leather,4,Size 4 (U14),Dry,0.3953,28,154.95,10.258,0.4788
F1,Laceless Leather,4,Size 4 (U14),Dry,0.3953,35,242.11,16.028,0.7481
F1,Laceless Leather,4,Size 4 (U14),Damp,0.4071,10,20.36,1.348,0.0629
F1,Laceless Leather,4,Size 4 (U14),Damp,0.4071,14,39.9,2.641,0.1233
F1,Laceless Leather,4,Size 4 (U14),Damp,0.4071,18,65.96,4.366,0.2038
F1,Laceless Leather,4,Size 4 (U14),Damp,0.4071,23,107.69,7.129,0.3328
F1,Laceless Leather,4,Size 4 (U14),Damp,0.4071,28,159.6,10.565,0.4932
F1,Laceless Leather,4,Size 4 (U14),Damp,0.4071,35,249.37,16.508,0.7706
F1,Laceless Leather,4,Size 4 (U14),Wet,0.419,10,20.95,1.387,0.0647
F1,Laceless Leather,4,Size 4 (U14),Wet,0.419,14,41.06,2.718,0.1269
F1,Laceless Leather,4,Size 4 (U14),Wet,0.419,18,67.88,4.493,0.2097
F1,Laceless Leather,4,Size 4 (U14),Wet,0.419,23,110.82,7.337,0.3424
F1,Laceless Leather,4,Size 4 (U14),Wet,0.419,28,164.25,10.873,0.5075
F1,Laceless Leather,4,Size 4 (U14),Wet,0.419,35,256.64,16.989,0.793
F1,Laceless Leather,5,Size 5 (Elite),Dry,0.4392,10,21.96,1.454,0.0679
F1,Laceless Leather,5,Size 5 (Elite),Dry,0.4392,14,43.04,2.849,0.133
F1,Laceless Leather,5,Size 5 (Elite),Dry,0.4392,18,71.15,4.71,0.2199
F1,Laceless Leather,5,Size 5 (Elite),Dry,0.4392,23,116.17,7.69,0.359
F1,Laceless Leather,5,Size 5 (Elite),Dry,0.4392,28,172.17,11.397,0.532
F1,Laceless Leather,5,Size 5 (Elite),Dry,0.4392,35,269.01,17.808,0.8312
F1,Laceless Leather,5,Size 5 (Elite),Damp,0.4524,10,22.62,1.497,0.0699
F1,Laceless Leather,5,Size 5 (Elite),Damp,0.4524,14,44.33,2.935,0.137
F1,Laceless Leather,5,Size 5 (Elite),Damp,0.4524,18,73.28,4.851,0.2265
F1,Laceless Leather,5,Size 5 (Elite),Damp,0.4524,23,119.65,7.921,0.3697
F1,Laceless Leather,5,Size 5 (Elite),Damp,0.4524,28,177.33,11.739,0.548
F1,Laceless Leather,5,Size 5 (Elite),Damp,0.4524,35,277.08,18.343,0.8562
F1,Laceless Leather,5,Size 5 (Elite),Wet,0.4656,10,23.28,1.541,0.0719
F1,Laceless Leather,5,Size 5 (Elite),Wet,0.4656,14,45.62,3.02,0.141
F1,Laceless Leather,5,Size 5 (Elite),Wet,0.4656,18,75.42,4.993,0.233
F1,Laceless Leather,5,Size 5 (Elite),Wet,0.4656,23,123.14,8.152,0.3805
F1,Laceless Leather,5,Size 5 (Elite),Wet,0.4656,28,182.5,12.081,0.5639
F1,Laceless Leather,5,Size 5 (Elite),Wet,0.4656,35,285.15,18.877,0.8811
G1,Laced Leather,3,Size 3 (U10),Dry,0.3507,10,17.53,1.14,0.0526
G1,Laced Leather,3,Size 3 (U10),Dry,0.3507,14,34.37,2.234,0.1031
G1,Laced Leather,3,Size 3 (U10),Dry,0.3507,18,56.81,3.693,0.1704
G1,Laced Leather,3,Size 3 (U10),Dry,0.3507,23,92.76,6.029,0.2783
G1,Laced Leather,3,Size 3 (U10),Dry,0.3507,28,137.47,8.936,0.4124
G1,Laced Leather,3,Size 3 (U10),Dry,0.3507,35,214.8,13.962,0.6444
G1,Laced Leather,3,Size 3 (U10),Damp,0.3612,10,18.06,1.174,0.0542
G1,Laced Leather,3,Size 3 (U10),Damp,0.3612,14,35.4,2.301,0.1062
G1,Laced Leather,3,Size 3 (U10),Damp,0.3612,18,58.52,3.804,0.1755
G1,Laced Leather,3,Size 3 (U10),Damp,0.3612,23,95.54,6.21,0.2866
G1,Laced Leather,3,Size 3 (U10),Damp,0.3612,28,141.59,9.204,0.4248
G1,Laced Leather,3,Size 3 (U10),Damp,0.3612,35,221.24,14.381,0.6637
G1,Laced Leather,3,Size 3 (U10),Wet,0.3717,10,18.59,1.208,0.0558
G1,Laced Leather,3,Size 3 (U10),Wet,0.3717,14,36.43,2.368,0.1093
G1,Laced Leather,3,Size 3 (U10),Wet,0.3717,18,60.22,3.914,0.1807
G1,Laced Leather,3,Size 3 (U10),Wet,0.3717,23,98.32,6.391,0.295
G1,Laced Leather,3,Size 3 (U10),Wet,0.3717,28,145.72,9.472,0.4372
G1,Laced Leather,3,Size 3 (U10),Wet,0.3717,35,227.68,14.799,0.6831
G1,Laced Leather,4,Size 4 (U14),Dry,0.4046,10,20.23,1.315,0.0607
G1,Laced Leather,4,Size 4 (U14),Dry,0.4046,14,39.65,2.578,0.119
G1,Laced Leather,4,Size 4 (U14),Dry,0.4046,18,65.55,4.261,0.1967
G1,Laced Leather,4,Size 4 (U14),Dry,0.4046,23,107.03,6.957,0.3211
G1,Laced Leather,4,Size 4 (U14),Dry,0.4046,28,158.62,10.31,0.4759
G1,Laced Leather,4,Size 4 (U14),Dry,0.4046,35,247.84,16.11,0.7435
G1,Laced Leather,4,Size 4 (U14),Damp,0.4168,10,20.84,1.355,0.0625
G1,Laced Leather,4,Size 4 (U14),Damp,0.4168,14,40.84,2.655,0.1225
G1,Laced Leather,4,Size 4 (U14),Damp,0.4168,18,67.52,4.389,0.2026
G1,Laced Leather,4,Size 4 (U14),Damp,0.4168,23,110.24,7.165,0.3307
G1,Laced Leather,4,Size 4 (U14),Damp,0.4168,28,163.38,10.62,0.4901
G1,Laced Leather,4,Size 4 (U14),Damp,0.4168,35,255.28,16.593,0.7658
G1,Laced Leather,4,Size 4 (U14),Wet,0.4289,10,21.45,1.394,0.0643
G1,Laced Leather,4,Size 4 (U14),Wet,0.4289,14,42.03,2.732,0.1261
G1,Laced Leather,4,Size 4 (U14),Wet,0.4289,18,69.48,4.517,0.2085
G1,Laced Leather,4,Size 4 (U14),Wet,0.4289,23,113.45,7.374,0.3403
G1,Laced Leather,4,Size 4 (U14),Wet,0.4289,28,168.14,10.929,0.5044
G1,Laced Leather,4,Size 4 (U14),Wet,0.4289,35,262.71,17.076,0.7881
G1,Laced Leather,5,Size 5 (Elite),Dry,0.4496,10,22.48,1.461,0.0674
G1,Laced Leather,5,Size 5 (Elite),Dry,0.4496,14,44.06,2.864,0.1322
G1,Laced Leather,5,Size 5 (Elite),Dry,0.4496,18,72.84,4.734,0.2185
G1,Laced Leather,5,Size 5 (Elite),Dry,0.4496,23,118.92,7.73,0.3568
G1,Laced Leather,5,Size 5 (Elite),Dry,0.4496,28,176.24,11.456,0.5287
G1,Laced Leather,5,Size 5 (Elite),Dry,0.4496,35,275.38,17.9,0.8261
G1,Laced Leather,5,Size 5 (Elite),Damp,0.4631,10,23.15,1.505,0.0695
G1,Laced Leather,5,Size 5 (Elite),Damp,0.4631,14,45.38,2.95,0.1361
G1,Laced Leather,5,Size 5 (Elite),Damp,0.4631,18,75.02,4.876,0.2251
G1,Laced Leather,5,Size 5 (Elite),Damp,0.4631,23,122.49,7.962,0.3675
G1,Laced Leather,5,Size 5 (Elite),Damp,0.4631,28,181.53,11.799,0.5446
G1,Laced Leather,5,Size 5 (Elite),Damp,0.4631,35,283.64,18.437,0.8509
G1,Laced Leather,5,Size 5 (Elite),Wet,0.4766,10,23.83,1.549,0.0715
G1,Laced Leather,5,Size 5 (Elite),Wet,0.4766,14,46.7,3.036,0.1401
G1,Laced Leather,5,Size 5 (Elite),Wet,0.4766,18,77.21,5.018,0.2316
G1,Laced Leather,5,Size 5 (Elite),Wet,0.4766,23,126.05,8.194,0.3782
G1,Laced Leather,5,Size 5 (Elite),Wet,0.4766,28,186.82,12.143,0.5605
G1,Laced Leather,5,Size 5 (Elite),Wet,0.4766,35,291.9,18.974,0.8757
